OBJECTID,HR_UID,Province,ENGNAME,FRENAME,CurrentCaseCount,CurrentDeaths,CurrentRecovered,CurrentTests,TotalPop2019,Pop0to4_2019,Pop5to9_2019,Pop10to14_2019,Pop15to19_2019,Pop20to24_2019,Pop25to29_2019,Pop30to34_2019,Pop35to39_2019,Pop40to44_2019,Pop45to49_2019,Pop50to54_2019,Pop55to59_2019,Pop60to64_2019,Pop65to69_2019,Pop70to74_2019,Pop75to79_2019,Pop80to84_2019,Pop85Older,AverageAge_2019,MedianAge_2019,Last_Updated,SourceURL,GlobalID,CurrentCaseFreeDays,NewCaseRate100K7Day,NewCases7Day,PopUnder20,Pop20to49,Pop50to69,Pop70to84,PopOver85,SHAPE_Length,SHAPE_Area
1,3537,ON,City of Hamilton Health Unit,Circonscription sanitaire de la cité de Hamilton,11734,300,10586,307771,576272,29112,29657,30046,31372,39353,44925,41624,38470,35351,35401,38522,42483,38399,30989,25528,17609,12640,14790,41.4,40.5,2021/03/21 01:38:00+00,https://www.hamilton.ca/coronavirus/status-cases,{22BDD837-3F16-4228-9E49-2D871179E434},0,19.9558541799706,805,120187,235124,150393,55777,14790,1.8308244309418,0.127328892853636
2,3538,ON,Hastings and Prince Edward Counties Health Unit,Circonscription sanitaire des comtés de Hastings et Prince Edward,443,6,429,102702,144779,6581,6795,7268,7394,8067,8298,7544,7505,7513,8328,10364,12673,11905,10378,9289,6282,4381,4215,45.3,48.3,2021/03/21 01:39:00+00,https://hpepublichealth.ca/the-novel-coronavirus-2019ncov/,{927CB540-8336-44E5-AD7D-74311D3BBEF7},0,1.18407069691441,12,28038,47255,45320,19952,4215,7.8443895678849,0.842561638754198
3,3539,ON,Huron Perth Public Health Unit,Circonscription sanitaire du comté de Huron Perth,1397,50,1328,114807,136672,7636,7775,8082,8098,8788,8484,7173,7154,7188,7566,8799,10700,9905,8893,7319,5369,3812,3933,42.75,43.95,2021/03/21 01:40:00+00,https://www.hpph.ca/en/health-matters/covid-19-in-huron-and-perth.aspx,{258AF20D-FA4C-4004-AB8B-5256A5D591F7},0,3.34481720573971,32,31591,46353,38297,16500,3933,3.93222792571809,0.625515328646764
4,3540,ON,Chatham-Kent Health Unit,Circonscription sanitaire de Chatham-Kent,1496,9,1396,92241,105303,5260,5534,5959,6125,6308,6118,5640,5685,5408,6024,7071,8571,8304,7030,5993,4127,2990,3156,43.7,45.5,2021/03/21 01:40:00+00,https://ckphu.com/current-situation-in-chatham-kent-and-surrounding-areas/,{71DC7C02-01C4-46E9-85EE-5DA356737504},1,15.3299119140548,113,22878,35183,30976,13110,3156,3.01844317038644,0.278637175159385
5,3541,ON,"Kingston, Frontenac and Lennox and Addington Health Unit","Circonscription sanitaire de Kingston, Frontenac et Lennox et Addington",828,1,754,216413,206768,9349,9361,9770,9830,12903,16470,14908,13325,12155,12150,13629,16176,14361,12710,11036,7795,5242,5596,43.3,43.1,2021/03/21 01:41:00+00,https://www.kflaph.ca/en/healthy-living/novel-coronavirus.aspx,{9A8EBB21-DFF0-4A7E-938C-271255569A50},1,5.7345154265374,83,38310,81911,56876,24073,5596,7.50430897476057,0.816649636956251
6,3542,ON,Lambton Health Unit,Circonscription sanitaire de Lambton,2565,47,2289,120500,115985,5768,6003,6309,6327,7096,7297,6692,6343,6081,6386,7355,9011,9186,8108,6754,4615,3202,3452,43.7,45.1,2021/03/21 01:42:00+00,https://lambtonpublichealth.ca/2019-novel-coronavirus/,{7FF80685-6AC7-4FCA-AC04-A79ED664CFAC},0,37.6896027195635,306,24407,39895,33660,14571,3452,4.08051009054214,0.326747886060471
7,3543,ON,"Leeds, Grenville and Lanark District Health Unit","Circonscription sanitaire du district de Leeds, Grenville et Lanark",1061,54,909,7981,153598,6934,7274,7756,8215,8578,8131,7317,7346,7639,9389,11435,13915,12878,11490,9868,6782,4326,4324,45.4,49.1,2021/03/21 01:43:00+00,https://healthunit.org/coronavirus/,{506C859E-CA91-48CA-A0DF-A50ED81D2D36},1,12.0909312435244,130,30179,48400,49718,20976,4324,4.29602479393501,0.767402874180559
8,3544,ON,Middlesex-London Health Unit,Circonscription sanitaire de Middlesex-London,6562,185,6206,329824,492971,25884,25931,26098,26740,34396,39284,36564,33114,30069,29052,31619,35856,31859,26581,22213,15626,10403,11682,41,39.8,2021/03/21 01:43:00+00,https://www.healthunit.com/novel-coronavirus,{549A6A28-4129-4336-B913-7BC10E77A880},0,7.07083030383995,244,104653,202479,125915,48242,11682,3.46721120639446,0.36823353312545
9,6001,YT,Yukon,Yukon,72,1,71,8312,39469,2063,2317,2023,2081,2458,2861,2923,3066,3030,2805,2518,2939,2932,2336,1437,894,438,348,39.8,39.9,2021/03/21 01:57:59+00,https://yukon.ca/covid-19,{5645D4C7-6383-48C4-B308-282F6FC7A988},27,0,0,8484,17143,10725,2769,348,61.8922469422024,87.641212334166
10,6101,NT,Northwest Territories,Territoires du Nord-Ouest,47,0,46,15524,44078,3013,3162,3289,2413,3049,3663,3721,3561,3237,2773,2856,3342,2416,1579,838,568,339,259,35.4,34.6,2021/03/21 01:54:00+00,https://www.hss.gov.nt.ca/en/services/coronavirus-disease-covid-19,{ED4A33F2-49D3-48BF-9DA9-386D1F5C120B},25,0,0,11877,20004,10193,1745,259,469.012014278786,260.900626435901
11,6201,NU,Nunavut,Nunavut,395,4,391,4024,37226,4145,3770,3399,2919,2969,3175,3088,2816,2149,2045,1895,1880,1342,770,478,234,86,66,29.3,27.2,2021/03/21 01:47:00+00,https://www.gov.nu.ca/health/information/covid-19-novel-coronavirus,{8C712D76-8608-4FE2-8A21-A8F21BB48F42},2,5.37258905066351,14,14233,16242,5887,798,66,1953.18497026408,516.658832594856
12,4831,AB,South Zone,South Zone,7426,103,6599,116405,326645,21810,21499,21272,20023,21129,22691,22548,22372,19972,18680,19037,22122,20774,16781,13385,9276,6377,6897,39.1,37.8,2021/03/21 01:49:00+00,https://www.alberta.ca/covid-19-alberta-data.aspx,{84873D39-523D-487C-A380-DB391D4E974E},0,28.4712761560716,651,84604,127392,78714,29038,6897,17.8209130107131,8.26152969955797
13,4832,AB,Calgary Zone,Calgary Zone,54166,599,51271,755974,1732180,104145,103488,100608,92863,103647,128867,149840,154242,135099,122493,110502,112498,100726,75514,55778,34742,22975,24153,38.4,37.7,2021/03/21 01:50:00+00,https://www.alberta.ca/covid-19-alberta-data.aspx,{DABFF47F-913A-47FF-AF39-C8B5AD0401D4},0,16.799639760302,2037,401104,794188,399240,113495,24153,18.0741247363063,5.04369804234891
14,4833,AB,Central Zone,Central Zone,10943,120,10289,168013,478882,31210,30843,30499,28674,29515,30992,32475,33631,30134,28345,29516,34660,31939,24907,19248,13524,9224,9546,39.5,38.8,2021/03/21 01:50:00+00,https://www.alberta.ca/covid-19-alberta-data.aspx,{8387FAC0-7604-4164-A831-B9DB9996ED0E},0,15.3631643226157,515,121226,185092,121022,41996,9546,22.3442654654253,12.6257160727133
15,4834,AB,Edmonton Zone,Edmonton Zone,55587,997,53280,612091,1461422,90414,87208,81560,76210,91781,119624,133577,127071,106224,92274,87948,93829,84557,65392,48195,31077,21474,23007,38.3,37,2021/03/21 01:52:00+00,https://www.alberta.ca/covid-19-alberta-data.aspx,{8ABE08BB-47C7-4C54-AFC6-AAABD3B386BE},0,10.6647595873843,1091,335392,670551,331726,100746,23007,8.66586435476398,1.56733373900323
16,4835,AB,North Zone,North Zone,13126,142,12249,177873,463412,37154,33514,31237,28193,30379,34049,35139,36095,31548,28644,27840,30733,26809,19008,13521,8973,5590,4986,36.3,35.3,2021/03/21 01:53:00+00,https://www.alberta.ca/covid-19-alberta-data.aspx,{BC8E6F77-6390-4410-AB07-078EDF651907},0,21.0858341420347,684,130098,195854,104390,28084,4986,43.7642704869067,65.7374955625866
17,1307,NB,Zone 7 (Miramichi area),Zone 7 (région de Miramichi),25,0,9,11492,42440,1727,1840,1974,2155,2297,2067,1682,1971,2375,2950,3311,3629,3663,3431,2853,1854,1300,1361,46.7,50.3,2021/03/20 21:23:00+00,https://www2.gnb.ca/content/gnb/en/departments/ocmoh/cdc/content/respiratory_diseases/coronavirus.html,{D03819FF-544F-4717-926B-8BE7309DE7E1},8,0,0,7696,13342,14034,6007,1361,7.53061826738572,1.18687078604098
18,2401,QC,Région du Bas-Saint-Laurent,Région du Bas-Saint-Laurent,1644,30,,,196158,8578,9507,9244,8718,9107,10358,9714,10926,11272,10380,12114,16619,18203,16349,13577,9027,5863,6602,46.6,50.1,2021/03/20 21:30:00+00,https://www.quebec.ca/en/health/health-issues/a-z/2019-coronavirus/situation-coronavirus-in-quebec/,{FB5810CB-BBCC-422C-B570-CC6A0F47CA3E},0,3.71420706048914,51,36047,61757,63285,28467,6602,11.7204598403546,2.74634737391079
19,2402,QC,Région du Saguenay—Lac-Saint-Jean,Région du Saguenay—Lac-Saint-Jean,9108,265,,,276281,13045,13865,13639,12494,13729,15882,15043,17503,16796,14083,16837,23570,24971,20605,16876,11533,7706,8104,45.1,47.2,2021/03/20 21:30:00+00,https://www.quebec.ca/en/health/health-issues/a-z/2019-coronavirus/situation-coronavirus-in-quebec/,{6DCDCF29-CFA7-4227-BA37-408120B943FF},0,13.443869517939,260,53043,93036,85983,36115,8104,21.2067085324713,13.2279543304206
20,2403,QC,Région de la Capitale-Nationale,Région de la Capitale-Nationale,23139,1003,,,700684,35093,36648,32632,29503,37651,49639,49048,50966,47027,40404,43353,51508,50793,44552,37710,27551,17227,19379,43.3,43.1,2021/03/20 21:30:00+00,https://www.quebec.ca/en/health/health-issues/a-z/2019-coronavirus/situation-coronavirus-in-quebec/,{13688ADD-18C5-4F92-893E-B94BC7613A6A},0,8.8484966118821,434,133876,274735,190206,82488,19379,10.5162048233032,2.31493257205637
21,2404,QC,Région de la Mauricie et du Centre-du-Québec,Région de la Mauricie et du Centre-du-Québec,13019,508,,,518043,24111,26386,25198,23527,26519,30320,28206,31929,31223,27567,32852,41838,43321,38490,32533,22882,14468,16673,45.2,47.1,2021/03/20 21:30:59+00,https://www.quebec.ca/en/health/health-issues/a-z/2019-coronavirus/situation-coronavirus-in-quebec/,{89A5AE26-1389-4933-9E95-C473939B0225},0,3.28158087263026,119,99222,175764,156501,69883,16673,16.8024504834103,5.63704375586211
22,2405,QC,Région de l'Estrie,Région de l'Estrie,11860,318,,,513429,25088,27477,26750,25335,28076,31982,29601,31888,31094,28664,33147,39718,40153,36015,30728,21092,12873,13748,43.8,44.9,2021/03/20 21:30:59+00,https://www.quebec.ca/en/health/health-issues/a-z/2019-coronavirus/situation-coronavirus-in-quebec/,{F7450BC0-3F6E-4029-9944-995A10098DFE},0,4.17361922068512,150,104650,181305,149033,64693,13748,8.61203062135633,1.47710250615974
23,2406,QC,Région de Montréal,Région de Montréal,112443,4589,,,1856818,99345,96921,87108,84221,125947,157264,154422,154412,139395,119855,115368,115249,103328,86829,72373,53895,40649,50237,40.6,39,2021/03/20 21:32:00+00,https://www.quebec.ca/en/health/health-issues/a-z/2019-coronavirus/situation-coronavirus-in-quebec/,{1E0590C1-A013-4268-955A-651096CE3EB2},0,26.6123474213874,3459,367595,851295,420774,166917,50237,1.98428461133332,0.0540642160198433
24,2407,QC,Région de l'Outaouais,Région de l'Outaouais,6827,170,,,409421,21483,23533,22736,20949,23379,27266,26505,28016,27709,27226,28956,32164,29716,23743,18987,12392,7501,7160,41.4,42,2021/03/20 21:32:00+00,https://www.quebec.ca/en/health/health-issues/a-z/2019-coronavirus/situation-coronavirus-in-quebec/,{78AEF8D9-D861-4170-AE3C-CCB77E03FBF4},0,11.7238734700956,336,88701,160101,114579,38880,7160,15.7828667571279,3.99335254254487
25,2408,QC,Région de l'Abitibi-Témiscamingue,Région de l'Abitibi-Témiscamingue,904,7,,,148529,7806,8461,8128,7430,8516,9522,8758,9313,8890,8451,9984,12175,12084,9607,7663,5121,3257,3363,42.6,43.6,2021/03/20 21:33:00+00,https://www.quebec.ca/en/health/health-issues/a-z/2019-coronavirus/situation-coronavirus-in-quebec/,{B4DEB975-777E-414B-9CD4-17004EB60C30},0,2.40453283293402,25,31825,53450,43850,16041,3363,15.1603387487418,7.78291407963856
26,2409,QC,Région de la Côte-Nord,Région de la Côte-Nord,359,3,,,87447,4182,4647,4682,4365,4549,4953,4801,5353,5397,5429,6561,7521,7198,5781,4628,3211,2162,2027,43.7,45.7,2021/03/20 21:33:00+00,https://www.quebec.ca/en/health/health-issues/a-z/2019-coronavirus/situation-coronavirus-in-quebec/,{BDEA95EC-9F98-48B4-A876-97CEBEF61AA6},2,0.653457032749633,4,17876,30482,27061,10001,2027,78.9970247141079,34.7868059450885
27,2410,QC,Région du Nord-du-Québec,Région du Nord-du-Québec,88,0,,,14642,800,790,800,759,761,929,952,1033,955,992,1088,1294,1154,835,652,404,273,171,41.5,42.6,2021/03/20 21:33:00+00,https://www.quebec.ca/en/health/health-issues/a-z/2019-coronavirus/situation-coronavirus-in-quebec/,{DB066729-D317-4BA4-BF2F-7AE132B7E296},2,0.975666868304486,1,3149,5622,4371,1329,171,55.2421446807891,44.8828886983777
28,3546,ON,Niagara Regional Area Health Unit,Circonscription sanitaire régionale de Niagara,9160,374,8453,,450816,20222,21510,22477,23766,28601,29626,26713,24434,24225,27071,32098,36055,33286,29095,25767,18603,12668,14601,44.2,45.7,2021/03/21 01:44:00+00,https://www.niagararegion.ca/health/covid-19/default.aspx,{EB4BDFD2-D511-42F1-9C83-4741AB3F955F},0,11.693082258457,369,87975,160670,130534,57038,14601,2.553973463907,0.209067637629799
29,3547,ON,North Bay Parry Sound District Health Unit,Circonscription sanitaire du district de North Bay Parry Sound,279,4,267,109211,128804,5678,5843,6031,6373,7073,7959,7372,6759,6622,7454,8980,11355,10566,9362,7985,5840,3881,3671,45.4,48.1,2021/03/21 01:44:00+00,https://www.myhealthunit.ca/en/health-topics/coronavirus.asp,{6906633D-F681-4522-8CC2-2303F4B43817},1,1.10910486364665,10,23925,43239,40263,17706,3671,13.8004498749451,2.2118886879434
30,3549,ON,Northwestern Health Unit,Circonscription sanitaire du Nord-Ouest,634,4,552,78373,74771,4901,5003,4857,4931,5144,5003,4402,4261,4139,4311,4639,5532,5189,4115,3207,2107,1521,1509,39.5,38.7,2021/03/21 01:24:00+00,https://www.nwhu.on.ca/covid19/Pages/home.aspx,{E78DFF04-6D37-4766-BD20-73880872FD99},0,19.6791345766216,103,19692,27260,19475,6835,1509,25.0216378883644,26.4397846449908
31,3551,ON,City of Ottawa Health Unit,Circonscription sanitaire de la ville d'Ottawa,16021,451,14841,,1019693,53921,53820,53387,54898,71834,83291,78433,71543,66877,65866,67112,73139,62947,51231,42680,28569,19340,20805,40.4,39.2,2021/03/21 01:47:59+00,https://www.ottawapublichealth.ca/en/public-health-topics/novel-coronavirus.aspx?utm_source=OPH&utm_medium=Home_Page_Banner&utm_campaign=Coronavirus&utm_content=Home_Page_Banner_OPH#Read-the-latest-statement,{8E382555-CBEE-46B6-9463-DB75BBF98361},0,11.4039926022552,814,216026,437844,254429,90589,20805,3.03713938438821,0.331735231047053
32,3553,ON,Peel Regional Health Unit,Circonscription sanitaire régionale de Peel,67223,631,64523,,1553076,82363,87706,94723,99082,112245,117685,111890,111203,109376,106734,109538,107899,88973,71247,57420,38204,24940,21848,39,38.2,2021/03/21 01:49:00+00,http://www.peelregion.ca/coronavirus/#cases,{5393A15A-0F9A-49FC-8D3B-06E8051058D9},0,28.0549236298987,3050,363874,669133,377657,120564,21848,1.81501046197603,0.141296078729503
33,3555,ON,Peterborough County–City Health Unit,Circonscription sanitaire du comté et de la cité de Peterborough,810,10,739,45500,144237,6720,6794,6702,6658,8565,10185,9400,8053,7152,7733,9453,11452,11286,10012,8727,6173,4272,4900,44.8,46.2,2021/03/21 01:50:00+00,https://www.peterboroughpublichealth.ca/your-health/diseases-infections-immunization/diseases-and-infections/novel-coronavirus-2019-ncov/local-covid-19-status/,{5E701D17-D787-4729-8000-BC6F30B6E35B},0,7.23016384739798,73,26874,51088,42203,19172,4900,3.15172417711006,0.476978450684789
34,3556,ON,Porcupine Health Unit,Circonscription sanitaire de Porcupine,346,25,318,80330,90540,5152,5040,5049,5067,5490,5498,5057,5296,5104,5490,6019,7641,7356,5946,4467,2905,2061,1902,42.2,43.5,2021/03/21 01:26:00+00,http://www.porcupinehu.on.ca/en/your-health/infectious-diseases/novel-coronavirus/,{6BBB59FC-239C-434A-9257-276630FC21B1},1,0.631133831929061,4,20308,31935,26962,9433,1902,37.0121141791181,36.4305512655356
35,3557,ON,Renfrew County and District Health Unit,Circonscription sanitaire du comté et du district de Renfrew,399,4,378,71605,106578,5899,5496,5129,5335,5934,6548,6721,6336,5829,5913,6907,8688,8055,7172,6030,4394,3063,3129,43.8,45.1,2021/03/21 01:50:00+00,https://www.rcdhu.com/novel-coronavirus-covid-19-2/,{8C1FB99F-6346-4B50-BC07-589A72CEB669},0,3.21695981212955,24,21859,37281,30822,13487,3129,8.39133606672288,1.90286751587844
36,3558,ON,The Eastern Ontario Health Unit,Circonscription sanitaire de l'Est de l'Ontario,3062,69,2822,118050,179454,9138,9421,9743,9805,10223,10219,9413,9645,9974,11039,13440,15999,14248,11934,9849,6808,4417,4136,43.5,46,2021/03/21 01:50:00+00,https://eohu.ca/en/my-health/covid-19-status-update-for-eohu-region,{0D768A29-82F5-44CB-B1C9-34CEB2933EAE},1,11.8613763336088,149,38107,60513,55621,21074,4136,3.98744424909775,0.608856776003344
37,3560,ON,Simcoe Muskoka District Health Unit,Circonscription sanitaire du district de Simcoe Muskoka,7170,193,6518,,562142,26901,28748,29760,31014,34658,37438,35294,34385,33391,36400,41405,46377,39079,32515,28067,20171,13391,13148,42.6,43.4,2021/03/21 01:50:59+00,http://www.simcoemuskokahealthstats.org/topics/infectious-diseases/a-h/covid-19#Confirmed,{D71030A8-18DC-471C-AF77-A401A97150DB},1,10.3176777397882,406,116423,211566,159376,61629,13148,9.65573833455676,1.11473572841124
38,3561,ON,Sudbury and District Health Unit,Circonscription sanitaire de Sudbury et son district,1164,15,896,203174,202681,9759,10045,10124,10439,12555,13534,12334,12138,11910,12631,13721,16621,15497,13172,10800,7461,5045,4895,43.3,44.4,2021/03/21 01:52:00+00,https://www.phsd.ca/health-topics-programs/diseases-infections/coronavirus/current-status-covid-19,{D6FD0275-FF21-4FF9-96AC-50F657EF172E},0,23.682535610146,336,40367,75102,59011,23306,4895,27.5804045508288,6.07367747953125
39,3562,ON,Thunder Bay District Health Unit,Circonscription sanitaire du district de Thunder Bay,2603,39,2185,149517,154444,7878,7879,7798,8088,9481,10664,9764,9018,8553,9296,10027,12251,11981,10425,7940,5378,3865,4158,43,43.9,2021/03/21 01:28:00+00,https://www.tbdhu.com/coronavirus,{38F9E1F4-1E48-49C5-B0FC-2B33CDF2188F},0,48.1913000366291,521,31643,56776,44684,17183,4158,55.0911732766471,32.9038657801622
40,3563,ON,Timiskaming Health Unit,Circonscription sanitaire de Timiskaming,114,1,105,29976,33389,1776,1666,1612,1689,1937,1786,1623,1723,1707,1910,2218,2852,2771,2627,2049,1430,1017,996,45,48.1,2021/03/21 01:52:00+00,https://www.timiskaminghu.com/90484/covid-19#Current%20Situation,{DD51D964-BD6A-4186-ADB7-F87784C797FF},0,3.42285526028675,8,6743,10686,10468,4496,996,6.51555382897083,1.86806757460309
41,3565,ON,Waterloo Health Unit,Circonscription sanitaire de Waterloo,11487,240,10910,408395,571232,31917,32226,32924,33110,40344,43494,41844,40315,38096,37513,38268,39948,34036,27934,22345,15694,10527,10697,39.7,38.7,2021/03/21 01:59:00+00,https://www.regionofwaterloo.ca/en/health-and-wellness/positive-cases-in-waterloo-region.aspx,{C5A6F76D-854A-4A9A-B823-AA8ADCA64095},0,9.90340677192954,396,130177,241606,140186,48566,10697,1.95562963384353,0.154079185453594
42,3566,ON,Wellington-Dufferin-Guelph Health Unit,Circonscription sanitaire de Wellington-Dufferin-Guelph,5000,106,4780,185682,304193,17085,16932,17303,17888,20178,22203,21209,19479,18808,20021,20818,22868,19453,15995,13187,8793,5986,5987,40.4,40,2021/03/21 02:00:59+00,https://app.powerbi.com/view?r=eyJrIjoiMDE0OGVmODctYTcxYS00M2RlLTgzODItMjIxYmM1MzY2YjEyIiwidCI6IjA5Mjg0MzdlLTFhZTItNGJhNy1hZmQxLTY5NDhmY2I5MWM0OCJ9,{52460B4E-1BCD-46CD-8C73-EE6539D4B082},1,6.01122125943539,128,69208,121898,79134,27966,5987,4.28431355273263,0.469816689111912
43,3568,ON,Windsor-Essex County Health Unit,Circonscription sanitaire de Windsor-comté d'Essex,13564,401,12883,16889,348836,17864,19055,20754,22204,24654,22730,19665,19138,20741,23063,25205,26560,23630,19798,16569,11309,7744,8152,41.4,42,2021/03/21 02:02:00+00,https://www.wechu.org/cv/local-updates,{680B129E-EC99-46CB-AF87-A323E8ADD509},0,13.9238577931832,340,79877,129991,95193,35622,8152,2.89240570764992,0.202808307819083
44,1203,NS,Zone 3 - Eastern,Zone 3 - Eastern,87,5,82,,138177,6134,6346,6874,7397,8242,7725,6224,6184,6829,7876,9501,11662,12178,11135,9463,6459,4102,3846,45.8,49.5,2021/03/20 20:29:00+00,https://novascotia.ca/coronavirus/data/,{DCBECB6A-D594-45A8-808B-D5D1DC38C6F3},10,0,0,26751,43080,44476,20024,3846,21.7530827331184,1.91474010799684
45,1204,NS,Zone 4 - Central,Zone 4 - Central,1357,59,1287,,444740,20852,21800,21003,21913,29500,36142,36589,33284,30230,29568,29112,32973,29484,24025,19924,12589,7900,7852,41.2,40.2,2021/03/20 20:29:59+00,https://novascotia.ca/coronavirus/data/,{A3E49581-AC79-4B9C-ADBE-4E1605B1A2EB},0,0.417579452521216,13,85568,195313,115594,40413,7852,9.32519745400513,0.841994937438378
46,1301,NB,Zone 1 (Moncton area),Zone 1 (région de Moncton),346,4,334,76322,217155,9964,11050,11029,11201,11654,13561,13898,14790,14472,15008,15197,16624,15368,13684,11723,7690,4830,5412,43.2,43.9,2021/03/20 21:08:00+00,https://www2.gnb.ca/content/gnb/en/departments/ocmoh/cdc/content/respiratory_diseases/coronavirus.html,{A5ABFD63-0CF4-4D15-8AEF-D6A8F89749BF},2,0.526286358986504,8,43244,83383,60873,24243,5412,8.29221653763526,1.18465269445247
47,1302,NB,Zone 2 (Saint John area),Zone 2 (région de Saint John),224,7,216,45726,149412,7051,8019,8553,8738,8939,8212,7652,8330,9240,9926,10742,12259,11450,9673,8101,5514,3501,3512,43.1,45,2021/03/20 21:20:59+00,https://www2.gnb.ca/content/gnb/en/departments/ocmoh/cdc/content/respiratory_diseases/coronavirus.html,{B4E5B43D-498F-41CB-84CF-E732AA5996A1},10,0,0,32361,52299,44124,17116,3512,10.0705766388864,1.20998139546114
48,1303,NB,Zone 3 (Fredericton area),Zone 3 (région de Fredericton),245,0,241,45006,179137,8729,9464,9761,9892,11179,12409,11687,11661,11418,12035,12193,13341,12249,10511,8943,5942,3960,3763,41.9,42.1,2021/03/20 21:20:59+00,https://www2.gnb.ca/content/gnb/en/departments/ocmoh/cdc/content/respiratory_diseases/coronavirus.html,{8F67A156-E2D7-4BC3-B6E6-65DECA8D4FAD},2,0.31898969583535,4,37846,70389,48294,18845,3763,7.9866674671071,2.78838565506387
49,1304,NB,Zone 4 (Edmundston area),Zone 4 (région d'Edmundston),438,15,403,27621,45390,1826,1991,2174,2267,2120,2175,2011,2407,2664,2866,3300,4174,4470,3592,3077,1872,1235,1169,46.4,50.3,2021/03/20 21:22:00+00,https://www2.gnb.ca/content/gnb/en/departments/ocmoh/cdc/content/respiratory_diseases/coronavirus.html,{EBD32692-8056-45D7-BF33-03CA5F6F692A},0,5.03572215403015,16,8258,14243,15536,6184,1169,5.84041403140396,0.931655770855914
50,1305,NB,Zone 5 (Campbellton area),Zone 5 (région de Campbellton),182,4,178,20654,23126,808,858,977,1055,1112,1113,875,991,1050,1365,1806,2259,2245,1979,1729,1208,780,916,49,53.8,2021/03/20 21:22:00+00,https://www2.gnb.ca/content/gnb/en/departments/ocmoh/cdc/content/respiratory_diseases/coronavirus.html,{F86EF359-BEA2-4325-9857-2182B0796718},47,0,0,3698,6506,8289,3717,916,4.14029318920875,0.660657030002204
51,1306,NB,Zone 6 (Bathurst area),Zone 6 (région de Bathurst),29,0,28,17857,70761,2577,2747,2874,3190,3301,3147,2760,3325,3969,4463,5686,6711,6766,6223,5197,3469,2219,2138,48.3,52.7,2021/03/20 21:23:00+00,https://www2.gnb.ca/content/gnb/en/departments/ocmoh/cdc/content/respiratory_diseases/coronavirus.html,{E998B402-CF60-426F-BC2D-D5C6C6610125},1,0.201886834353871,1,11388,20965,25386,10885,2138,5.95711366363461,0.572698317720934
52,4604,MB,Northern Regional Health Authority,Office régional de la santé du Nord,5608,36,4895,,77380,9039,7635,7348,6411,6083,5738,5050,4537,4110,4044,3898,3872,3435,2431,1815,994,544,396,30.7,26.9,2021/03/21 01:34:00+00,https://www.gov.mb.ca/covid19/index.html,{BFA745A9-1625-45DD-AFC5-312CA686C6EB},0,84.7395044862091,459,30433,29562,13636,3353,396,58.6696981000462,63.6562443297782
53,4605,MB,Southern Health—Santé Sud,Southern Health—Santé Sud,4873,143,4681,,205885,16111,16019,15552,15363,15268,13778,12421,12670,12009,11803,11911,13063,11311,9053,7257,5152,3518,3626,36.6,34.4,2021/03/21 01:34:00+00,https://www.gov.mb.ca/covid19/index.html,{776335B9-85FA-4F4A-812D-4CE23396DF21},0,4.37137236806955,63,63045,77949,45338,15927,3626,14.6443577348381,3.41670504061518
54,3570,ON,York Regional Health Unit,Circonscription sanitaire régionale de York,31334,550,29718,688451,1200761,59459,66329,71738,75162,80846,83248,76713,74040,76475,85947,90772,91186,77055,62050,51472,33291,23393,21585,40.6,40.8,2021/03/21 02:02:00+00,https://www.york.ca/covid19,{B7E80B28-414F-472B-8A9C-E9936E709935},0,20.4156245200216,1716,272688,477269,321063,108156,21585,2.52607003945581,0.235657282435671
55,3575,ON,Southwestern Health Unit,Circonscription sanitaire du sud-ouest,2671,67,2538,49928,209238,11645,12419,12657,12839,13102,12427,11783,12353,12125,12965,14054,16036,14274,12179,10469,7305,5230,5376,41.7,42.2,2021/03/21 02:03:00+00,https://www.swpublichealth.ca/partners-and-professionals-update-novel-coronavirus-covid-19,{11CCBA0B-B98A-49F7-903B-5572BC6BE5F0},1,6.3495704822806,93,49560,74755,56543,23004,5376,4.9743534087769,0.438167402083873
56,3595,ON,City of Toronto Health Unit,Circonscription sanitaire de la cité de Toronto,105448,2753,97839,,2987513,150465,134471,128262,134036,222882,252892,254865,248350,216646,199134,194679,200621,174547,142429,113681,79425,63322,76806,40.9,39.3,2021/03/21 02:03:00+00,https://www.toronto.ca/home/covid-19/media-room/covid-19-status-of-cases-in-toronto/,{EB69915E-C849-41D1-A839-AA1787E7EB94},0,23.8373140850887,4985,547234,1394769,712276,256428,76806,1.57825194249926,0.0721766577817163
57,4601,MB,Winnipeg Regional Health Authority,Office régional de la santé de Winnipeg,18183,651,17182,,787724,43916,43892,42723,45137,55349,61459,63320,58967,53546,49607,48297,52135,46090,39069,31381,20709,14603,17524,39.7,38.2,2021/03/21 01:30:00+00,https://www.gov.mb.ca/covid19/index.html,{D2AF9B0D-D1AD-432A-AD91-99E3F6F287C0},0,5.33181672768635,294,175668,342248,185591,66693,17524,2.12136109697769,0.083321597367448
58,4602,MB,Prairie Mountain Health,Santé de Prairie Mountain,2133,53,2043,,142031,9539,9204,8660,8511,9172,10013,9734,8832,8319,7856,7711,9416,8940,7815,6487,4663,3419,3740,40,38.5,2021/03/21 01:31:59+00,https://www.gov.mb.ca/covid19/index.html,{353EB808-1209-44C4-A4FC-1EE061363B75},0,6.53780814449964,65,35914,53926,33882,14569,3740,27.5366941077452,8.76419805826009
59,4603,MB,Interlake-Eastern Regional Health Authority,Office régional de la santé d'Entre-les-Lacs et de l'Est,2466,37,2387,,173021,10372,9879,9937,10312,11392,11063,10580,9227,8813,10085,11564,13591,12475,11045,8889,6061,3921,3815,41.6,42.1,2021/03/21 01:33:00+00,https://www.gov.mb.ca/covid19/index.html,{76E68B83-7CC6-4EC2-84DD-3EA1656E5685},0,2.64212354074278,32,40500,61160,48675,18871,3815,38.6456803402953,10.0586134088697
60,1011,NL,Eastern Regional Health Authority,Eastern Regional Health Authority,922,5,908,89195,310426,13206,14725,15800,15452,17303,20899,21671,21209,20119,21197,23082,23730,22387,20826,16799,10454,6317,5250,43,43.7,2021/03/20 20:23:00+00,https://covid-19-newfoundland-and-labrador-gnl.hub.arcgis.com/,{D114336B-693F-4B8C-9D5C-2426B428FA8E},2,0.184078837284432,4,59183,122398,90025,33570,5250,31.0664082738101,2.5310718974015
61,1012,NL,Central Regional Health Authority,Central Regional Health Authority,45,0,45,13096,85388,3055,3663,4240,4436,4040,3397,3060,3984,4579,5985,7301,7388,7701,7434,6297,4011,2747,2070,47.4,51.5,2021/03/20 20:23:00+00,https://covid-19-newfoundland-and-labrador-gnl.hub.arcgis.com/,{72474DBB-68AB-4F2E-A1F7-A913465E3550},16,0,0,15394,25045,29824,13055,2070,44.958674570004,5.73848950358758
62,1013,NL,Western Regional Health Authority,Western Regional Health Authority,38,1,37,13088,73072,2821,3215,3485,3627,3610,3564,3185,3480,3803,4835,5964,6463,6588,6139,5089,3257,2130,1817,46.7,50.8,2021/03/20 20:23:00+00,https://covid-19-newfoundland-and-labrador-gnl.hub.arcgis.com/,{E0B60ACB-E435-4176-BF14-F55F215F8120},12,0,0,13148,22477,25154,10476,1817,28.5980785620555,4.19775595228762
63,1014,NL,Labrador-Grenfell Regional Health Authority,Labrador-Grenfell Regional Health Authority,9,0,9,6392,35649,1935,2184,2180,2094,2036,2133,2050,2379,2338,2652,2849,2662,2476,2178,1553,972,574,404,40.6,41.8,2021/03/20 20:24:00+00,https://covid-19-newfoundland-and-labrador-gnl.hub.arcgis.com/,{7F2B2535-147D-49A7-A82B-376D1813F23B},13,0,0,8393,13588,10165,3099,404,213.675841330933,41.1293113865958
64,1201,NS,Zone 1 - Western,Zone 1 - Western,106,1,99,,185660,7434,8051,8477,9518,10168,9084,8190,9034,9834,11708,14044,16660,16036,14177,12941,8981,5597,5726,46.7,50.5,2021/03/20 20:29:00+00,https://novascotia.ca/coronavirus/data/,{C9DA6A02-D774-4D00-A304-8CA3BD2DDFDB},2,0.384727843523491,5,33480,58018,60917,27519,5726,15.6394531061846,2.13244262037636
65,1202,NS,Zone 2 - Northern,Zone 2 - Northern,132,1,131,,145940,6458,7111,7538,7990,8261,7563,6874,7544,8353,9644,10425,12329,11922,10747,9238,6108,3918,3917,44.9,47.7,2021/03/20 20:29:00+00,https://novascotia.ca/coronavirus/data/,{80A0E56C-3726-41A0-845A-7B92233F6761},10,0,0,29097,48239,45423,19264,3917,11.5787778682573,1.4310205670462
66,2411,QC,Région de la Gaspésie—Îles-de-la-Madeleine,Région de la Gaspésie—Îles-de-la-Madeleine,1747,45,,,85097,3123,3465,3494,3426,3573,4056,3598,4350,4372,4896,6127,7879,8622,7714,6349,4279,2822,2952,48.8,53.4,2021/03/20 21:35:00+00,https://www.quebec.ca/en/health/health-issues/a-z/2019-coronavirus/situation-coronavirus-in-quebec/,{E9D641DB-3B51-4156-9D92-8F011CAD7F10},0,3.86113997639668,23,13508,24845,30342,13450,2952,16.0432443798522,2.51785507197196
67,2412,QC,Région de la Chaudière-Appalaches,Région de la Chaudière-Appalaches,11931,288,,,425016,21687,23719,22904,20689,21610,24470,23228,26786,27456,24846,27603,33370,33144,29880,25032,16705,10553,11334,43.7,45,2021/03/20 21:36:59+00,https://www.quebec.ca/en/health/health-issues/a-z/2019-coronavirus/situation-coronavirus-in-quebec/,{6A1C5335-03D4-4464-8A54-CE726DA8B66E},0,5.81490713626916,173,88999,148396,123997,52290,11334,8.44537498330214,1.80066522628295
68,2414,QC,Région de Lanaudière,Région de Lanaudière,21342,499,,,444734,23057,26414,25284,22475,23663,27879,26084,29365,29679,27958,31057,35766,33913,27437,22437,15300,8729,8237,42.1,43.1,2021/03/20 21:39:00+00,https://www.quebec.ca/en/health/health-issues/a-z/2019-coronavirus/situation-coronavirus-in-quebec/,{2E1271ED-4EEF-42BB-BD12-B6B4EAF574CD},0,19.208913963981,598,97230,164628,128173,46466,8237,9.78640274423976,1.57482490764835
69,2415,QC,Région des Laurentides,Région des Laurentides,17366,480,,,575539,27861,31625,31236,29688,31486,35611,33092,37074,38467,37834,41466,47185,43978,35816,29783,20484,11834,11019,42.7,43.9,2021/03/20 21:39:00+00,https://www.quebec.ca/en/health/health-issues/a-z/2019-coronavirus/situation-coronavirus-in-quebec/,{7CEFED4A-785D-40A7-8B2D-C7523A149702},0,13.1305486807025,529,120410,213564,168445,62101,11019,12.3451932476643,2.63919166519347
70,2416,QC,Région de la Montérégie,Région de la Montérégie,43205,1505,,,1370770,69384,78767,77204,70879,76136,86914,81031,92723,95600,88530,94719,104575,96274,80039,69449,49099,30066,29381,42.2,42.7,2021/03/20 21:39:00+00,https://www.quebec.ca/en/health/health-issues/a-z/2019-coronavirus/situation-coronavirus-in-quebec/,{3C1D434A-1FEC-498B-B9FC-C7A6B4C57AF3},0,8.32691532079467,799,296234,520934,375607,148614,29381,9.39836703535644,1.01396290190469
71,2417,QC,Région du Nunavik,Région du Nunavik,46,0,,,13849,1583,1455,1361,1267,1221,1278,1077,877,778,708,599,560,436,302,182,85,52,28,28.1,25.1,2021/03/20 21:40:00+00,https://www.quebec.ca/en/health/health-issues/a-z/2019-coronavirus/situation-coronavirus-in-quebec/,{2EE94C7E-2B9D-4727-9C24-1CA8465F1AF8},4,1.03153399420278,1,5666,5939,1897,319,28,113.430293423039,76.6797057955517
72,2418,QC,Région des Terres-Cries-de-la-Baie-James,Région des Terres-Cries-de-la-Baie-James,119,3,,,17069,1673,1682,1681,1464,1373,1356,1189,1225,1192,1065,827,711,572,406,305,166,100,80,30.2,27.4,2021/03/20 21:40:00+00,https://www.quebec.ca/en/health/health-issues/a-z/2019-coronavirus/situation-coronavirus-in-quebec/,{56A05E72-3F52-444E-9D37-DEB170F9610C},22,0,0,6500,7400,2516,571,80,20.3048239427715,0.757206967270904
73,3526,ON,The District of Algoma Health Unit,Circonscription sanitaire du district d'Algoma,221,4,198,108754,111060,5356,5280,5166,5389,6260,6658,5939,5607,5434,6098,7258,9266,9429,8254,6991,5073,3745,3857,45.7,48.6,2021/03/21 01:28:00+00,http://www.algomapublichealth.com/disease-and-illness/infectious-diseases/novel-coronavirus/#algoma,{F4A63108-2054-4251-9A99-CD386D0F9F92},0,2.70124257158293,21,21191,35996,34207,15809,3857,22.8261295021567,5.32155968521502
74,3527,ON,Brant County Health Unit,Circonscription sanitaire du comté de Brant,1670,13,1582,81380,152029,8353,8720,8856,9023,9724,10132,9806,9449,9345,9377,10128,11186,10270,8910,7076,4894,3320,3460,41.2,41,2021/03/21 01:28:59+00,https://www.bchu.org/ServicesWeProvide/InfectiousDiseases/Pages/coronavirus.aspx,{11C4D8C7-5D0A-4AEE-8EB3-18C4E343393D},0,12.4976155864999,133,34952,57833,40494,15290,3460,1.78896931018821,0.126340779588801
75,3530,ON,Durham Regional Health Unit,Circonscription sanitaire régionale de Durham,12822,304,12069,,699641,36994,39978,41522,42912,46822,50191,46209,45215,45768,46823,49927,55349,44991,34959,28390,18675,12275,12641,40.1,40,2021/03/21 01:30:00+00,https://app.powerbi.com/view?r=eyJrIjoiNDZkYzgzN2YtNGM2Yi00ZTQ0LTkzOTUtY2IwOTlhNzlmMWE2IiwidCI6IjUyZDdjOWMyLWQ1NDktNDFiNi05YjFmLTlkYTE5OGRjM2YxNiJ9,{82766CC4-2F81-407F-8029-B30E4FE6686E},0,12.0878319840359,592,161406,281028,185226,59340,12641,3.13685479098951,0.294544742509152
76,1100,PE,Prince Edward Island,Île-du-Prince-Édouard,148,,140,114367,135849,6906,7549,7885,7613,8462,8431,7503,8245,7914,8963,9679,10377,9648,8517,7605,4737,3026,2789,42.3,43.4,2021/03/20 20:34:00+00,https://www.princeedwardisland.ca/en/topic/covid-19,{9066DE74-3336-4533-957E-6878707BFF62},0,0.52579386987443,5,29953,49518,38221,15368,2789,11.8605921955745,0.67805514985427
77,2413,QC,Région de Laval,Région de Laval,26272,881,,,438320,22172,25698,25875,24326,26542,28997,26858,28964,29788,30091,32139,32480,27567,21445,18361,14333,10845,11838,41.4,41.6,2021/03/20 21:36:59+00,https://www.quebec.ca/en/health/health-issues/a-z/2019-coronavirus/situation-coronavirus-in-quebec/,{7886ADFC-CC39-4F31-92A1-682973C73645},0,27.9639141657758,858,98071,171240,113631,43539,11838,1.04605290404127,0.0285906408587534
78,3533,ON,Grey Bruce Health Unit,Circonscription sanitaire de Grey Bruce,748,0,726,,154672,7895,8045,7951,7910,8616,9099,8149,7945,7226,8179,10107,12682,12689,11592,9671,6914,5000,5002,44.9,47.8,2021/03/21 01:30:00+00,https://www.publichealthgreybruce.on.ca/Your-Health/Infectious-Diseases/Professional-Resources/COVID-19-Information-for-Health-Care-Providers,{C15B7D6C-B816-407D-81DC-D866C360E094},0,2.95556310866128,32,31801,49214,47070,21585,5002,8.46141684206411,0.976118103770579
79,3534,ON,Haldimand-Norfolk Health Unit,Circonscription sanitaire de Haldimand-Norfolk,1530,39,1440,29330,113098,5553,5763,5756,6242,6905,6657,5999,5653,5486,6509,7861,9725,9266,8254,6625,4674,2994,3176,44.3,46.9,2021/03/21 01:31:00+00,https://hnhu.org/health-topic/coronavirus-covid-19/,{5F6E3FB6-869A-43A4-AECA-51A3892380BA},0,7.8313876966373,62,23314,37209,35106,14293,3176,4.91325520240428,0.327199885896345
80,3535,ON,"Haliburton, Kawartha, Pine Ridge District Health Unit","Circonscription sanitaire du district de Haliburton, Kawartha et Pine Ridge",1104,68,1018,,185663,7290,7736,8203,8740,9655,9665,8695,8294,8217,9997,13610,17241,16295,14978,13733,9868,6614,6832,47.8,52.3,2021/03/21 01:31:59+00,https://www.hkpr.on.ca/,{36E461BE-9631-4ACA-8351-4D8AB465417C},0,3.46249464275134,45,31969,54523,62124,30215,6832,8.28906890931761,1.12533462522134
81,3536,ON,Halton Regional Health Unit,Circonscription sanitaire régionale de Halton,10305,200,9804,343972,605475,32651,36750,40253,39827,37700,39573,39677,39563,42814,44590,42925,42233,34460,27347,24134,17120,11757,12101,39.7,39.6,2021/03/21 01:33:00+00,https://www.halton.ca/For-Residents/Immunizations-Preventable-Disease/Diseases-Infections/New-Coronavirus,{CBE47CB1-E75F-46BE-92DB-B6277AB90C4E},0,10.7353730542136,455,149481,243917,146965,53011,12101,1.6230077498174,0.109579879365869
82,592,BC,Interior Health,Interior Health,7967,113,7513,209144,710842,33544,31521,35409,36509,40498,40845,41247,41534,39111,42672,34199,46844,56522,56300,50362,42943,31058,23922,45.2,47.3,2021/03/21 01:56:00+00,http://www.bccdc.ca/health-info/diseases-conditions/covid-19/case-counts-press-statements,{B4AD8E2B-99D4-4C47-B08F-24C0BA17372E},1,5.96877666606242,297,136983,245907,193865,124363,23922,38.272856356279,27.7649684064163
83,591,BC,Fraser Health,Fraser Health,53066,765,49355,902310,1839068,94907,94856,99429,105522,129828,124675,128682,134937,126096,125355,98396,125661,129487,115376,95432,78902,53407,37497,40.7,40.1,2021/03/21 01:55:00+00,http://www.bccdc.ca/health-info/diseases-conditions/covid-19/case-counts-press-statements,{9CAD5D9B-0094-4382-A896-7621A416B590},1,24.6165060625429,3169,394714,769573,468920,227741,37497,9.76298484582965,1.94408944711444
84,595,BC,Vancouver  Coastal Health,Vancouver  Coastal Health,21278,401,19479,638868,1193766,48017,48736,49048,55295,85774,100247,99583,93016,82485,83083,47926,81347,83493,76131,65335,52247,36138,27946,42.2,41,2021/03/21 01:57:00+00,http://www.bccdc.ca/health-info/diseases-conditions/covid-19/case-counts-press-statements,{F63353EE-F8A2-4E59-B8FD-89965AD6884C},1,17.1366439127458,1432,201096,544188,288897,153720,27946,53.5389737501974,6.61118788819028
85,593,BC,Vancouver Island Health,Vancouver Island Health,2867,28,2590,223387,744984,32398,30975,33666,34803,41947,47215,47720,45977,41846,44575,32763,48978,57090,56978,53953,47475,32889,25439,45.5,47.1,2021/03/21 01:56:00+00,http://www.bccdc.ca/health-info/diseases-conditions/covid-19/case-counts-press-statements,{F83F2B71-06DE-41AC-9DB9-B17AAA14C2D8},1,5.2350117586418,273,131842,269280,195809,134317,25439,64.9115291811727,6.99245175366808
86,594,BC,Northern Health,Northern Health,5443,114,4984,70278,285660,17688,17688,17608,17450,19043,19323,18631,18689,18102,18685,17646,17917,20643,20090,15964,11949,7764,3862,39.5,39.1,2021/03/21 01:57:00+00,http://www.bccdc.ca/health-info/diseases-conditions/covid-19/case-counts-press-statements,{F3673635-ABF6-4BCD-A0AD-3F2CD4E8AD95},1,24.5046558846181,490,70434,112473,76296,35677,3862,136.917582701714,88.8437370851852
93,4750,SK,Central East,Central East,1381,10,1266,39625,97493,5898,5785,5915,5809,5353,4865,5140,5513,5274,5339,5961,7299,7339,6548,5007,3903,2963,3582,43.1,44.2,2021/03/21 01:42:00+00,https://www.saskatchewan.ca/government/health-care-administration-and-provider-resources/treatment-procedures-and-guidelines/emerging-public-health-issues/2019-novel-coronavirus/cases-and-risk-of-covid-19-in-saskatchewan,{B404E469-EECF-48EE-B948-B60DE02B7E0D},0,16.5579653337749,113,23407,31484,27147,11873,3582,17.1083514748486,6.55952511884965
94,4751,SK,Central West,Central West,563,5,547,13080,36454,2188,2163,2206,2155,1979,1888,2054,2099,1967,2034,2144,2780,3010,2433,1892,1305,935,1222,42.7,43.8,2021/03/21 01:40:00+00,https://www.saskatchewan.ca/government/health-care-administration-and-provider-resources/treatment-procedures-and-guidelines/emerging-public-health-issues/2019-novel-coronavirus/cases-and-risk-of-covid-19-in-saskatchewan,{FC16AE32-16B4-4DBA-9B7B-D21DE406024D},0,4.31071644107251,11,8712,12021,10367,4132,1222,13.6067405080278,4.98688973379224
95,4752,SK,Far North Central,Far North Central,351,3,341,1785,2948,254,301,320,294,282,252,282,202,155,145,132,109,74,58,42,24,14,8,28.5,25.5,2021/03/21 01:34:59+00,https://www.saskatchewan.ca/government/health-care-administration-and-provider-resources/treatment-procedures-and-guidelines/emerging-public-health-issues/2019-novel-coronavirus/cases-and-risk-of-covid-19-in-saskatchewan,{10EAC62B-FB56-46CA-B11F-6D0D5D13797F},3,33.921302578019,7,1169,1318,373,80,8,27.6185658991594,8.5676473725228
96,4753,SK,Far North East,Far North East,1935,13,1853,15590,23506,2317,2354,2268,2046,2015,1985,1655,1383,1237,1115,1121,1140,1010,759,521,282,161,137,30.7,26.9,2021/03/21 01:36:00+00,https://www.saskatchewan.ca/government/health-care-administration-and-provider-resources/treatment-procedures-and-guidelines/emerging-public-health-issues/2019-novel-coronavirus/cases-and-risk-of-covid-19-in-saskatchewan,{0CB4121C-0134-4AFE-9847-27BB3147AD55},0,45.5810674478249,75,8985,9390,4030,964,137,27.2548289990586,18.4678569403566
97,4754,SK,Far North West,Far North West,2121,28,2077,18239,27546,2575,2466,2314,2183,2057,2079,1809,1600,1487,1542,1530,1571,1351,1022,739,536,359,326,33.7,30.3,2021/03/21 01:36:00+00,https://www.saskatchewan.ca/government/health-care-administration-and-provider-resources/treatment-procedures-and-guidelines/emerging-public-health-issues/2019-novel-coronavirus/cases-and-risk-of-covid-19-in-saskatchewan,{CBA2521F-E53A-416C-93B9-CA90E70FCAE2},0,9.85364740537906,19,9538,10574,5474,1634,326,19.9458949269632,18.5289764262109
98,4755,SK,North Central,North Central,3413,46,3296,46495,87916,6475,6533,6357,6183,6025,5741,5294,5133,4750,4938,5024,5865,5452,4651,3460,2373,1766,1896,38.1,36.3,2021/03/21 01:38:00+00,https://www.saskatchewan.ca/government/health-care-administration-and-provider-resources/treatment-procedures-and-guidelines/emerging-public-health-issues/2019-novel-coronavirus/cases-and-risk-of-covid-19-in-saskatchewan,{D41F0B2C-D34B-49EC-B147-464FBB310AF0},0,13.1619142948139,81,25548,31881,20992,7599,1896,11.0803471799719,3.66061877452624
99,4756,SK,North East,North East,1237,11,1166,18692,40797,2704,2725,2718,2744,2495,2094,1917,2082,2175,2264,2417,2915,2859,2511,2097,1596,1125,1359,41.6,42.1,2021/03/21 01:39:00+00,https://www.saskatchewan.ca/government/health-care-administration-and-provider-resources/treatment-procedures-and-guidelines/emerging-public-health-issues/2019-novel-coronavirus/cases-and-risk-of-covid-19-in-saskatchewan,{EEE79479-38A4-4363-8AAB-741F4D6CE3BC},0,23.8112746385413,68,10891,13027,10702,4818,1359,13.0291812269378,6.4347382756365
100,4757,SK,North West,North West,3193,48,3048,34748,79795,6202,5877,5581,5289,5352,5281,5417,5424,4491,4292,4405,5207,4886,3912,2907,2072,1523,1677,37.7,35.8,2021/03/21 01:37:00+00,https://www.saskatchewan.ca/government/health-care-administration-and-provider-resources/treatment-procedures-and-guidelines/emerging-public-health-issues/2019-novel-coronavirus/cases-and-risk-of-covid-19-in-saskatchewan,{819CB3A5-464F-4E55-9E04-39F9EBD35F0E},0,19.5142910851915,109,22949,30257,18410,6502,1677,11.6274430293442,4.32379672099143
101,4758,SK,Regina,Regina,6640,111,5891,134848,272509,17173,17191,16263,15389,17678,22114,23853,22036,19175,16250,15671,17460,15666,12144,8915,6049,4620,4862,38.1,36.5,2021/03/21 01:44:00+00,https://www.saskatchewan.ca/government/health-care-administration-and-provider-resources/treatment-procedures-and-guidelines/emerging-public-health-issues/2019-novel-coronavirus/cases-and-risk-of-covid-19-in-saskatchewan,{39445E83-DA80-44A7-AF09-DEAB580408F6},0,35.8572691963516,684,66016,121106,60941,19584,4862,6.36064933520564,1.05198234920062
102,4759,SK,Saskatoon,Saskatoon,7859,90,7561,171941,346025,22071,21544,19835,19041,22882,30885,33761,29172,23902,20716,19346,21047,18768,14506,10500,7029,5247,5773,37.5,35.5,2021/03/21 01:41:00+00,https://www.saskatchewan.ca/government/health-care-administration-and-provider-resources/treatment-procedures-and-guidelines/emerging-public-health-issues/2019-novel-coronavirus/cases-and-risk-of-covid-19-in-saskatchewan,{2732D9DA-DA98-4135-A758-7313CB310A1F},0,9.66073879880686,234,82491,161318,73667,22776,5773,7.43020918763492,1.45625782450486
103,4760,SK,South Central,South Central,858,14,790,27339,60079,3562,3704,3783,3567,3666,3585,3508,3546,3300,3117,3464,4696,4559,3759,2874,1863,1449,2077,41.8,41.7,2021/03/21 01:43:00+00,https://www.saskatchewan.ca/government/health-care-administration-and-provider-resources/treatment-procedures-and-guidelines/emerging-public-health-issues/2019-novel-coronavirus/cases-and-risk-of-covid-19-in-saskatchewan,{B32A410D-4305-4630-A7A1-021C8609AB4D},0,12.840236545691,54,14616,20722,16478,6186,2077,11.8004261270248,4.16236762438487
104,4761,SK,South East,South East,1220,35,1116,33554,90663,6141,5812,5878,5706,5361,5520,5907,5917,5478,5142,5216,6249,6263,5051,3800,2689,2084,2449,40.1,39.2,2021/03/21 01:44:59+00,https://www.saskatchewan.ca/government/health-care-administration-and-provider-resources/treatment-procedures-and-guidelines/emerging-public-health-issues/2019-novel-coronavirus/cases-and-risk-of-covid-19-in-saskatchewan,{C7715233-77FD-44FD-8751-DC1482BB3563},0,10.8722884276307,69,23537,33325,22779,8573,2449,14.3628156711884,5.78443911188948
105,4762,SK,South West,South West,639,3,610,13239,37908,2214,2211,2206,2293,2245,2205,2152,2208,2104,2099,2260,3028,3019,2277,1802,1262,1028,1295,42.4,42.9,2021/03/21 01:42:00+00,https://www.saskatchewan.ca/government/health-care-administration-and-provider-resources/treatment-procedures-and-guidelines/emerging-public-health-issues/2019-novel-coronavirus/cases-and-risk-of-covid-19-in-saskatchewan,{56F82A22-00EA-46D1-89CD-E56A620FC472},1,9.7981579463061,26,8924,13013,10584,4092,1295,11.2943873422489,4.64178536004014
